Lat,Lon
40.045461,-75.387632
40.045461,-75.387632
41.494448,-82.020479
40.045461,-75.387632
40.027962,-75.298984
40.027962,-75.298984
38.787863,-77.187222
37.349033,-77.32394
38.647818,-90.545814
32.957495,-117.034928
41.55553,-87.497888
37.416667,-122.166667
41.55553,-87.497888
39.171649,-76.852986
43.601347,-84.206759
39.081683,-76.565355
39.081683,-76.565355
41.494448,-82.020479
40.449365,-79.68196
43.601347,-84.206759
40.045461,-75.387632
39.735632,-75.547657
40.045461,-75.387632
40.045461,-75.387632
39.735632,-75.547657
39.976602,-82.856827
39.735632,-75.547657
42.177982,-71.305897
34.074913,-118.028045
39.735632,-75.547657
40.045461,-75.387632
34.001758,-118.394799
37.401284,-122.008179
34.015369,-118.111726
39.171649,-76.852986
29.953286,-90.071666
37.349033,-77.32394
42.418809,-83.104982
38.647818,-90.545814
40.045461,-75.387632
42.04682,-87.695708
40.449365,-79.68196
41.770672,-76.44749
42.647505,-71.336201
40.582121,-75.471549
39.691445,-83.953106
41.62236,-85.98378
41.64704,-87.62067
37.405548,-122.078481
19.532167,-154.955477
47.62002,-122.204989
42.448372,-71.233754
42.62328,-71.36472
36.753596,-119.678137
43.601347,-84.206759
37.594129,-122.047013
41.027778,-109.935278
43.149327,-76.223372
35.670641,-78.663729
38.647818,-90.545814
42.448372,-71.233754
40.749542,-73.883319
40.998617,-85.234375
40.708181,-74.003846
42.62328,-71.36472
41.077148,-73.857479
43.149327,-76.223372
29.770633,-95.414819
38.647818,-90.545814
40.486,-74.465
41.494448,-82.020479
33.713991,-117.928354
29.770633,-95.414819
43.601347,-84.206759
42.62328,-71.36472
42.62328,-71.36472
38.790084,-77.280669
41.494448,-82.020479
41.540319,-87.682222
41.494448,-82.020479
41.540319,-87.682222
42.448372,-71.233754
42.448372,-71.233754
38.830825,-77.362938
42.62328,-71.36472
42.448372,-71.233754
33.713991,-117.928354
41.04176,-73.855752
41.021378,-73.805692
41.04176,-73.855752
37.349033,-77.32394
43.088842,-77.599683
39.976602,-82.856827
43.601347,-84.206759
29.770633,-95.414819
29.770633,-95.414819
42.62328,-71.36472
34.001758,-118.394799
29.770633,-95.414819
43.11096,-76.13928
42.034146,-87.756196
35.963275,-84.298102
40.449365,-79.68196
41.147711,-73.941171
34.001758,-118.394799
42.034146,-87.756196
41.147711,-73.941171
42.62328,-71.36472
40.25508,-74.51568
42.62328,-71.36472
40.619819,-74.375205
42.448372,-71.233754
42.034146,-87.756196
41.021378,-73.805692
40.25508,-74.51568
43.601347,-84.206759
42.034146,-87.756196
39.735632,-75.547657
41.882953,-87.975404
40.749542,-73.883319
39.908086,-75.004604
40.129527,-75.060892
42.034146,-87.756196
42.034146,-87.756196
33.603589,-117.861931
40.486,-74.465
29.770633,-95.414819
29.770633,-95.414819
29.770633,-95.414819
36.812989,-76.309856
33.756107,-118.30637
42.62328,-71.36472
29.770633,-95.414819
39.144286,-77.215257
29.770633,-95.414819
37.349033,-77.32394
29.770633,-95.414819
41.783823,-88.146897
35.963275,-84.298102
41.783823,-88.146897
47.62002,-122.204989
29.770633,-95.414819
34.799674,-87.675698
38.647818,-90.545814
42.448372,-71.233754
38.647818,-90.545814
39.735632,-75.547657
41.55553,-87.497888
39.144286,-77.215257
29.770633,-95.414819
40.486,-74.465
34.799674,-87.675698
36.812989,-76.309856
33.57612,-117.73638
40.980549,-74.119354
40.416194,-74.695442
40.25508,-74.51568
39.735632,-75.547657
42.172896,-87.878422
45.472666,-122.856983
29.770633,-95.414819
29.770633,-95.414819
38.816051,-76.939606
41.783823,-88.146897
43.088842,-77.599683
41.770672,-76.44749
41.783823,-88.146897
41.64704,-87.62067
29.770633,-95.414819
29.770633,-95.414819
33.57612,-117.73638
40.129527,-75.060892
42.410921,-88.063011
29.770633,-95.414819
36.812989,-76.309856
34.001758,-118.394799
39.735632,-75.547657
37.44936,-122.12526
38.642678,-90.378302
43.088842,-77.599683
43.088842,-77.599683
34.001758,-118.394799
34.001758,-118.394799
40.838749,-74.921265
41.04176,-73.855752
39.735632,-75.547657
42.815656,-73.942324
46.256423,-119.079477
41.64704,-87.62067
39.976602,-82.856827
40.25508,-74.51568
40.301688,-79.538092
41.04176,-73.855752
34.001758,-118.394799
41.494448,-82.020479
42.024981,-87.899607
40.486,-74.465
42.374067,-71.117136
42.410921,-88.063011
39.022959,-77.19925
38.642678,-90.378302
38.642678,-90.378302
40.619819,-74.375205
39.002607,-77.093732
41.364155,-88.421363
37.292411,-80.063958
41.953308,-78.645295
41.783823,-88.146897
44.492901,-73.081591
41.770672,-76.44749
41.607558,-71.083877
43.088842,-77.599683
37.660766,-120.993431
42.506346,-71.198244
40.486,-74.465
39.976602,-82.856827
34.001758,-118.394799
43.088842,-77.599683
42.410921,-88.063011
39.976602,-82.856827
39.735632,-75.547657
41.770672,-76.44749
42.13061,-88.092341
35.937584,-83.75048
40.486,-74.465
37.660766,-120.993431
41.770672,-76.44749
41.770672,-76.44749
41.770672,-76.44749
38.645844,-90.331287
40.864578,-75.207134
38.790084,-77.280669
40.301688,-79.538092
41.783823,-88.146897
35.521573,-97.574376
40.925835,-74.001883
36.812989,-76.309856
34.001758,-118.394799
44.492901,-73.081591
43.069507,-77.514294
40.045461,-75.387632
29.770633,-95.414819
19.532167,-154.955477
42.815656,-73.942324
34.201899,-118.454395
39.002607,-77.093732
41.62236,-85.98378
29.770633,-95.414819
39.903244,-82.750689
34.001758,-118.394799
29.770633,-95.414819
39.085561,-84.513589
42.071476,-88.049239
42.815656,-73.942324
41.147711,-73.941171
41.783823,-88.146897
42.332052,-71.207484
42.815656,-73.942324
41.783823,-88.146897
41.55553,-87.497888
42.62328,-71.36472
42.62328,-71.36472
40.100412,-83.115807
41.494448,-82.020479
39.89393,-86.229942
40.045461,-75.387632
37.330413,-121.891128
39.903244,-82.750689
43.088842,-77.599683
37.660766,-120.993431
42.024981,-87.899607
40.045461,-75.387632
37.643644,-122.411982
40.045461,-75.387632
40.725101,-111.939531
42.374067,-71.117136
38.790084,-77.280669
41.770672,-76.44749
40.301688,-79.538092
29.770633,-95.414819
41.770672,-76.44749
39.171649,-76.852986
42.13061,-88.092341
39.976602,-82.856827
29.770633,-95.414819
33.57612,-117.73638
35.521573,-97.574376
42.071476,-88.049239
35.521573,-97.574376
44.492901,-73.081591
38.790084,-77.280669
41.770672,-76.44749
40.844283,-74.574152
43.088842,-77.599683
33.57612,-117.73638
40.486,-74.465
40.486,-74.465
33.57612,-117.73638
41.770672,-76.44749
42.134339,-83.153677
42.071476,-88.049239
39.338199,-76.9723
37.852539,-122.019112
33.57612,-117.73638
40.641449,-74.382226
40.045461,-75.387632
41.494448,-82.020479
40.045461,-75.387632
33.871269,-118.371584
40.045461,-75.387632
42.071476,-88.049239
39.171649,-76.852986
42.815656,-73.942324
41.494448,-82.020479
41.021378,-73.805692
33.998974,-117.965163
44.827962,-93.378236
34.217534,-118.367514
41.783823,-88.146897
37.852539,-122.019112
37.629876,-122.103025
40.486,-74.465
42.071476,-88.049239
40.301688,-79.538092
39.171649,-76.852986
42.815656,-73.942324
33.57612,-117.73638
33.998974,-117.965163
34.001758,-118.394799
35.521573,-97.574376
42.071476,-88.049239
32.980136,-117.082337
40.844283,-74.574152
40.486,-74.465
38.803177,-77.058685
42.815656,-73.942324
40.725101,-111.939531
42.815656,-73.942324
41.087432,-81.515568
42.134339,-83.153677
42.134339,-83.153677
40.301688,-79.538092
42.071476,-88.049239
40.045461,-75.387632
40.045461,-75.387632
42.071476,-88.049239
42.815656,-73.942324
33.767496,-118.187712
41.685996,-73.896069
33.57612,-117.73638
34.001758,-118.394799
34.210263,-118.570594
35.75562,-77.944711
42.815656,-73.942324
42.071476,-88.049239
38.803177,-77.058685
42.134339,-83.153677
33.57612,-117.73638
42.071476,-88.049239
42.815656,-73.942324
45.66142,-111.113994
42.071476,-88.049239
40.593164,-74.619513
39.148558,-77.074173
42.85146,-73.79898
40.725101,-111.939531
42.85146,-73.79898
40.725101,-111.939531
40.725101,-111.939531
40.725101,-111.939531
40.725101,-111.939531
42.071476,-88.049239
33.57612,-117.73638
33.57612,-117.73638
47.87263,-122.270929
38.790084,-77.280669
34.489743,-120.039532
39.111974,-76.553563
42.318527,-71.157052
42.318527,-71.157052
34.489743,-120.039532
41.55553,-87.497888
33.998974,-117.965163
42.85146,-73.79898
41.685996,-73.896069
40.045461,-75.387632
34.001758,-118.394799
39.085561,-84.513589
34.799674,-87.675698
41.62236,-85.98378
42.071476,-88.049239
39.148558,-77.074173
42.98039,-78.737853
29.770633,-95.414819
39.148558,-77.074173
39.89393,-86.229942
42.85146,-73.79898
25.775355,-80.208792
37.349033,-77.32394
42.815656,-73.942324
33.767496,-118.187712
41.770672,-76.44749
32.765788,-96.85689
37.897485,-122.112374
38.790084,-77.280669
33.998974,-117.965163
41.64704,-87.62067
42.815656,-73.942324
40.299355,-74.614868
40.299355,-74.614868
42.994893,-75.970433
40.725101,-111.939531
32.952906,-96.703839
39.148558,-77.074173
34.001758,-118.394799
21.308944,-157.86115
41.087432,-81.515568
47.87263,-122.270929
40.73726,-74.329009
42.994893,-75.970433
40.223905,-74.620394
41.57359,-73.796075
42.815656,-73.942324
40.949361,-74.24745
40.949361,-74.24745
41.27238,-73.68924
41.770672,-76.44749
40.593164,-74.619513
42.071476,-88.049239
42.98039,-78.737853
41.770672,-76.44749
42.815656,-73.942324
34.001758,-118.394799
40.91802,-74.42586
42.318527,-71.157052
41.27238,-73.68924
39.9798,-86.119237
43.069507,-77.514294
33.648513,-117.838683
40.811856,-81.373368
37.774093,-122.41842
42.815656,-73.942324
42.071476,-88.049239
41.021378,-73.805692
40.593164,-74.619513
38.88456,-77.182978
41.47701,-82.098416
40.742946,-73.884618
39.89393,-86.229942
42.815656,-73.942324
42.56316,-76.55484
42.815656,-73.942324
37.774093,-122.41842
42.071476,-88.049239
42.071476,-88.049239
29.421732,-95.24786
39.148558,-77.074173
40.045461,-75.387632
38.88456,-77.182978
42.318527,-71.157052
33.767496,-118.187712
32.952906,-96.703839
44.81206,-73.08276
39.428406,-76.769758
33.924064,-118.145732
39.89393,-86.229942
45.10633,-93.38407
29.421732,-95.24786
41.770672,-76.44749
34.489743,-120.039532
40.593164,-74.619513
41.770672,-76.44749
41.770672,-76.44749
41.770672,-76.44749
40.175267,-80.251514
42.815656,-73.942324
38.790084,-77.280669
41.311168,-105.580954
40.129527,-75.060892
47.115232,-88.563407
38.790084,-77.280669
39.594031,-105.009802
38.790084,-77.280669
42.071476,-88.049239
33.767496,-118.187712
40.656519,-74.654789
42.318527,-71.157052
39.144286,-77.215257
41.770672,-76.44749
41.27238,-73.68924
38.830825,-77.362938
39.594031,-105.009802
41.25774,-76.71378
41.047289,-73.963065
37.416667,-122.166667
42.815656,-73.942324
40.335503,-74.577831
42.994893,-75.970433
32.952906,-96.703839
42.994893,-75.970433
39.89393,-86.229942
45.629189,-122.517536
42.994893,-75.970433
42.815656,-73.942324
42.148385,-71.941347
42.98039,-78.737853
33.57612,-117.73638
34.489743,-120.039532
42.318527,-71.157052
47.87263,-122.270929
40.949361,-74.24745
39.148558,-77.074173
45.793986,-122.689276
41.57359,-73.796075
41.62236,-85.98378
40.742946,-73.884618
37.416667,-122.166667
42.815656,-73.942324
42.994893,-75.970433
33.57612,-117.73638
42.98039,-78.737853
34.489743,-120.039532
45.629189,-122.517536
44.827962,-93.378236
40.775255,-74.393299
44.919109,-92.941297
41.62236,-85.98378
39.428406,-76.769758
42.98039,-78.737853
33.767496,-118.187712
42.994893,-75.970433
41.022009,-76.870147
40.725101,-111.939531
19.532167,-154.955477
42.456444,-71.370954
40.606393,-74.152402
42.98039,-78.737853
40.988263,-80.295406
37.774093,-122.41842
39.89393,-86.229942
42.98039,-78.737853
37.416667,-122.166667
41.770672,-76.44749
41.25774,-76.71378
37.416667,-122.166667
42.98039,-78.737853
42.994893,-75.970433
33.57612,-117.73638
39.022959,-77.19925
41.494448,-82.020479
40.625072,-75.371201
42.98039,-78.737853
42.815656,-73.942324
39.428406,-76.769758
42.134339,-83.153677
34.19292,-118.82262
34.19292,-118.82262
41.62236,-85.98378
40.533963,-75.497936
41.022482,-73.812614
37.416667,-122.166667
41.62236,-85.98378
40.988263,-80.295406
21.308944,-157.86115
33.998974,-117.965163
42.994893,-75.970433
32.952906,-96.703839
42.318527,-71.157052
39.903244,-82.750689
37.37986,-122.208569
40.793611,-73.6275
42.024981,-87.899607
39.022959,-77.19925
41.584485,-72.865338
42.994893,-75.970433
33.767496,-118.187712
41.770672,-76.44749
41.047289,-73.963065
41.29968,-73.90609
44.987459,-93.581675
37.322857,-122.052958
40.430536,-79.608959
33.767496,-118.187712
42.288869,-83.477501
39.735632,-75.547657
41.770672,-76.44749
44.183332,-88.463405
33.767496,-118.187712
37.322857,-122.052958
37.322857,-122.052958
42.815656,-73.942324
42.318527,-71.157052
37.37986,-122.208569
37.37986,-122.208569
32.656547,-116.95907
34.489743,-120.039532
44.183332,-88.463405
45.085314,-93.134715
39.266016,-76.845513
37.37986,-122.208569
42.287156,-71.352308
40.91802,-74.42586
42.3612,-71.36388
42.3612,-71.36388
39.148558,-77.074173
40.100412,-83.115807
41.29968,-73.90609
40.988263,-80.295406
37.868252,-122.258486
42.318527,-71.157052
38.964901,-76.966704
42.98039,-78.737853
42.98039,-78.737853
37.868252,-122.258486
42.344328,-71.122217
37.629876,-122.103025
40.749542,-73.883319
40.1868,-75.00966
39.089392,-76.852395
37.687222,-121.894449
41.021378,-73.805692
38.830825,-77.362938
33.57612,-117.73638
33.57612,-117.73638
40.658588,-75.491844
42.318527,-71.157052
42.318527,-71.157052
34.19292,-118.82262
37.868252,-122.258486
32.954424,-96.889584
39.735632,-75.547657
42.456444,-71.370954
40.395074,-74.109292
41.64704,-87.62067
40.530285,-79.876419
38.803177,-77.058685
34.489743,-120.039532
21.308944,-157.86115
40.430536,-79.608959
40.816902,-73.210989
39.735632,-75.547657
40.988263,-80.295406
38.830825,-77.362938
34.001758,-118.394799
37.37986,-122.208569
40.811856,-81.373368
36.070576,-79.766148
37.37986,-122.208569
33.428352,-111.932123
37.416667,-122.166667
30.267104,-97.744615
32.980136,-117.082337
45.629189,-122.517536
42.815656,-73.942324
39.976602,-82.856827
34.001758,-118.394799
42.815656,-73.942324
39.893349,-84.219043
39.111974,-76.553563
34.160034,-118.213223
39.735632,-75.547657
42.815656,-73.942324
33.428352,-111.932123
38.790084,-77.280669
40.989799,-73.80007
38.803177,-77.058685
38.803177,-77.058685
41.48982,-81.92148
44.060636,-92.439257
38.790084,-77.280669
38.790084,-77.280669
42.815656,-73.942324
42.318527,-71.157052
38.803177,-77.058685
37.322857,-122.052958
40.749542,-73.883319
37.37986,-122.208569
40.91802,-74.42586
42.205616,-85.566785
41.64704,-87.62067
39.951255,-75.163103
44.183332,-88.463405
39.712421,-84.041488
37.37986,-122.208569
39.148558,-77.074173
42.98039,-78.737853
41.29968,-73.90609
40.787368,-74.319046
33.762657,-84.176061
42.332052,-71.207484
40.755677,-74.418689
40.36141,-74.077982
37.629876,-122.103025
40.733044,-74.403459
42.318527,-71.157052
41.783823,-88.146897
40.811856,-81.373368
39.111974,-76.553563
37.322857,-122.052958
40.725101,-111.939531
39.97194,-74.21988
38.803177,-77.058685
34.210263,-118.570594
37.37986,-122.208569
38.580708,-121.526563
39.735632,-75.547657
38.803177,-77.058685
38.790084,-77.280669
38.790084,-77.280669
42.024981,-87.899607
42.815656,-73.942324
40.593164,-74.619513
40.725101,-111.939531
40.988263,-80.295406
40.811856,-81.373368
42.815656,-73.942324
37.330413,-121.891128
34.489743,-120.039532
42.815656,-73.942324
39.976602,-82.856827
40.749542,-73.883319
34.001758,-118.394799
40.755677,-74.418689
37.37986,-122.208569
42.274234,-83.730952
40.787368,-74.319046
39.002607,-77.093732
37.330413,-121.891128
40.757711,-73.697796
40.853244,-74.708204
37.37986,-122.208569
40.679559,-74.567323
37.818542,-121.969476
38.830825,-77.362938
43.05011,-76.150573
42.318527,-71.157052
42.024981,-87.899607
42.024981,-87.899607
41.087432,-81.515568
42.344328,-71.122217
41.64704,-87.62067
33.884072,-117.730356
37.37986,-122.208569
37.25286,-122.029595
41.770672,-76.44749
44.183332,-88.463405
41.087432,-81.515568
42.815656,-73.942324
39.089392,-76.852395
38.803177,-77.058685
33.825599,-118.328416
39.085561,-84.513589
38.803177,-77.058685
41.173209,-73.76922
42.071476,-88.049239
37.25286,-122.029595
42.332052,-71.207484
35.670641,-78.663729
41.021378,-73.805692
42.134339,-83.153677
41.204177,-73.435815
32.980136,-117.082337
41.204177,-73.435815
42.815656,-73.942324
42.815656,-73.942324
39.976602,-82.856827
42.318527,-71.157052
37.25286,-122.029595
40.733044,-74.403459
40.625072,-75.371201
32.952906,-96.703839
41.282126,-73.02581
43.601347,-84.206759
40.733044,-74.403459
33.125918,-117.101637
40.625072,-75.371201
32.954424,-96.889584
43.069507,-77.514294
40.606393,-74.152402
41.174335,-73.845908
40.786,-73.84407
42.332052,-71.207484
42.293679,-85.586333
33.767496,-118.187712
44.183332,-88.463405
40.787368,-74.319046
40.819621,-74.163016
42.815656,-73.942324
26.409609,-80.106315
41.770672,-76.44749
42.318527,-71.157052
44.183332,-88.463405
40.733044,-74.403459
42.123875,-87.913175
42.293679,-85.586333
42.332052,-71.207484
36.179938,-94.145696
47.62002,-122.204989
41.770672,-76.44749
37.37986,-122.208569
41.64704,-87.62067
32.980136,-117.082337
39.735632,-75.547657
34.12539,-118.05468
42.98039,-78.737853
39.976602,-82.856827
32.952906,-96.703839
39.97194,-74.21988
40.791787,-74.674518
37.330413,-121.891128
33.766667,-118.366667
41.494448,-82.020479
40.663916,-73.860508
40.742946,-73.884618
39.111974,-76.553563
40.1868,-75.00966
42.815656,-73.942324
38.580708,-121.526563
40.486,-74.465
42.071476,-88.049239
33.713991,-117.928354
41.021378,-73.805692
40.679559,-74.567323
42.815656,-73.942324
39.97194,-74.21988
40.811856,-81.373368
38.733326,-90.622121
33.493166,-84.384485
33.57612,-117.73638
40.663916,-73.860508
32.980136,-117.082337
41.29968,-73.90609
41.783823,-88.146897
40.663916,-73.860508
32.980136,-117.082337
43.069507,-77.514294
37.416667,-122.166667
39.111974,-76.553563
41.087432,-81.515568
41.57359,-73.796075
42.815656,-73.942324
41.087432,-81.515568
42.29182,-71.745989
37.405548,-122.078481
39.893349,-84.219043
34.001758,-118.394799
39.735632,-75.547657
37.629876,-122.103025
44.183332,-88.463405
37.322857,-122.052958
38.88456,-77.182978
40.02636,-75.33438
40.679559,-74.567323
40.923667,-73.965326
40.788165,-73.812193
39.735632,-75.547657
32.952906,-96.703839
42.815656,-73.942324
42.318527,-71.157052
42.071476,-88.049239
40.733044,-74.403459
34.001758,-118.394799
40.442411,-79.996664
42.318527,-71.157052
32.952906,-96.703839
41.505351,-81.693427
44.183332,-88.463405
38.678182,-121.174368
37.574646,-122.046431
38.733326,-90.622121
39.976602,-82.856827
42.071476,-88.049239
33.94104,-117.95442
38.830825,-77.362938
42.456444,-71.370954
41.744068,-71.315024
42.98039,-78.737853
37.688779,-122.468923
37.330413,-121.891128
37.330413,-121.891128
42.374067,-71.117136
33.882928,-117.85569
39.735632,-75.547657
39.976602,-82.856827
37.629876,-122.103025
38.803177,-77.058685
40.811856,-81.373368
47.62002,-122.204989
41.022482,-73.812614
41.021378,-73.805692
42.815656,-73.942324
37.562555,-122.324828
42.374067,-71.117136
33.767496,-118.187712
34.001758,-118.394799
40.442411,-79.996664
42.815656,-73.942324
35.521573,-97.574376
34.117986,-117.768243
42.815656,-73.942324
41.161134,-87.881497
41.173209,-73.76922
44.183332,-88.463405
40.625072,-75.371201
42.815656,-73.942324
40.67556,-76.23264
40.26594,-74.69586
42.815656,-73.942324
39.735632,-75.547657
39.97194,-74.21988
39.29778,-76.608993
39.29778,-76.608993
34.001758,-118.394799
32.980136,-117.082337
39.97194,-74.21988
40.36141,-74.077982
41.770672,-76.44749
42.98039,-78.737853
33.499493,-86.800795
40.679559,-74.567323
39.97194,-74.21988
34.001758,-118.394799
34.001758,-118.394799
43.098373,-89.324921
41.57359,-73.796075
47.62002,-122.204989
40.783792,-73.812287
40.442411,-79.996664
40.619819,-74.375205
42.318527,-71.157052
35.757664,-81.327333
42.85146,-73.79898
41.540319,-87.682222
40.988263,-80.295406
43.069507,-77.514294
41.087432,-81.515568
41.29968,-73.90609
40.775255,-74.393299
42.98039,-78.737853
35.963275,-84.298102
32.996744,-117.256492
32.954424,-96.889584
45.629189,-122.517536
42.815656,-73.942324
43.069507,-77.514294
34.203774,-118.191187
41.64704,-87.62067
39.97194,-74.21988
40.819621,-74.163016
34.001758,-118.394799
40.875659,-111.865622
41.27238,-73.68924
41.173209,-73.76922
37.37986,-122.208569
37.629876,-122.103025
41.087432,-81.515568
40.663916,-73.860508
42.815656,-73.942324
41.27238,-73.68924
37.818542,-121.969476
32.952906,-96.703839
40.02636,-75.33438
37.37986,-122.208569
41.204177,-73.435815
40.742946,-73.884618
47.62002,-122.204989
42.561732,-83.14647
37.400588,-121.963467
41.302547,-72.611171
35.623072,-117.670357
37.416667,-122.166667
32.656547,-116.95907
41.352758,-74.266372
40.788165,-73.812193
39.735632,-75.547657
41.685996,-73.896069
41.685996,-73.896069
41.541709,-73.902683
40.725101,-111.939531
40.619819,-74.375205
40.619819,-74.375205
41.204177,-73.435815
40.965847,-73.845926
40.725101,-111.939531
39.893349,-84.219043
39.97194,-74.21988
34.154498,-118.64317
41.087432,-81.515568
30.418422,-91.139518
41.174335,-73.845908
41.57359,-73.796075
32.765788,-96.85689
40.518788,-74.398608
32.765788,-96.85689
43.613913,-116.200919
37.322857,-122.052958
43.088842,-77.599683
37.629876,-122.103025
38.017076,-121.90965
37.845244,-122.122691
37.845244,-122.122691
41.57359,-73.796075
43.069507,-77.514294
34.001758,-118.394799
40.619819,-74.375205
41.499696,-72.901815
34.237131,-118.481042
33.57612,-117.73638
41.64704,-87.62067
39.29778,-76.608993
39.29778,-76.608993
33.499493,-86.800795
29.770633,-95.414819
37.574646,-122.046431
32.765788,-96.85689
33.884072,-117.730356
42.56316,-76.55484
37.629876,-122.103025
42.56316,-76.55484
30.429675,-84.258538
40.708181,-74.003846
43.069507,-77.514294
42.374067,-71.117136
43.613913,-116.200919
42.3612,-71.36388
37.37986,-122.208569
41.27238,-73.68924
39.29778,-76.608993
39.29778,-76.608993
42.595072,-83.389939
40.788165,-73.812193
34.001758,-118.394799
40.725101,-111.939531
40.26594,-74.69586
39.97194,-74.21988
42.299722,-83.379852
39.735632,-75.547657
37.845244,-122.122691
35.996965,-78.899565
39.29778,-76.608993
41.27238,-73.68924
39.022959,-77.19925
34.029301,-117.856609
33.453421,-112.070376
41.174335,-73.845908
40.91802,-74.42586
43.613913,-116.200919
32.215483,-110.970828
40.708181,-74.003846
43.069507,-77.514294
36.683535,-121.792949
36.683535,-121.792949
42.815656,-73.942324
35.757664,-81.327333
37.25286,-122.029595
41.541709,-73.902683
32.980136,-117.082337
41.174335,-73.845908
33.884072,-117.730356
39.97194,-74.21988
40.498795,-74.425817
39.97194,-74.21988
34.001758,-118.394799
37.574646,-122.046431
44.183332,-88.463405
41.62236,-85.98378
40.619819,-74.375205
40.442411,-79.996664
39.97194,-74.21988
32.215483,-110.970828
41.540319,-87.682222
41.022482,-73.812614
21.308944,-157.86115
40.442411,-79.996664
39.148558,-77.074173
33.882928,-117.85569
42.97422,-78.85626
41.27238,-73.68924
40.787368,-74.319046
41.494448,-82.020479
39.976602,-82.856827
41.57359,-73.796075
40.26594,-74.69586
40.335503,-74.577831
37.868252,-122.258486
37.574646,-122.046431
42.344328,-71.122217
33.88235,-118.122206
42.071476,-88.049239
43.613913,-116.200919
39.979634,-86.119609
32.215483,-110.970828
41.302547,-72.611171
47.649774,-122.398314
39.97194,-74.21988
39.022959,-77.19925
40.02636,-75.33438
44.183332,-88.463405
41.022482,-73.812614
39.29778,-76.608993
39.29778,-76.608993
41.161134,-87.881497
33.866635,-118.048458
42.071476,-88.049239
41.27238,-73.68924
39.97194,-74.21988
39.105531,-77.24019
39.735632,-75.547657
33.866635,-118.048458
38.790084,-77.280669
40.335503,-74.577831
34.015369,-118.111726
40.851376,-73.975825
40.91802,-74.42586
40.335503,-74.577831
39.979634,-86.119609
37.322857,-122.052958
42.071476,-88.049239
41.57359,-73.796075
40.11594,-75.37374
43.00245,-78.781965
37.405548,-122.078481
43.069507,-77.514294
40.498795,-74.425817
32.765788,-96.85689
40.106393,-88.21405
29.04606,-95.40216
41.27238,-73.68924
41.540319,-87.682222
40.988263,-80.295406
37.774093,-122.41842
39.97194,-74.21988
39.022959,-77.19925
39.74687,-104.99312
42.98039,-78.737853
37.37986,-122.208569
47.649774,-122.398314
34.001758,-118.394799
29.770633,-95.414819
33.907592,-118.020573
39.185143,-96.571471
43.069507,-77.514294
33.825599,-118.328416
33.825599,-118.328416
42.815656,-73.942324
39.105531,-77.24019
40.442411,-79.996664
39.735632,-75.547657
47.586461,-122.030567
33.499493,-86.800795
35.928939,-79.040693
41.450401,-81.925054
41.595832,-73.88745
41.174335,-73.845908
35.996965,-78.899565
45.535156,-122.95626
37.574646,-122.046431
40.44504,-79.91376
39.148558,-77.074173
43.098373,-89.324921
38.790084,-77.280669
33.453421,-112.070376
47.624151,-122.048612
40.26594,-74.69586
42.274234,-83.730952
39.97194,-74.21988
33.788031,-118.032536
40.26594,-74.69586
41.302547,-72.611171
34.001758,-118.394799
40.606393,-74.152402
47.586461,-122.030567
39.105531,-77.24019
39.022959,-77.19925
41.204177,-73.435815
42.274234,-83.730952
37.574646,-122.046431
41.022482,-73.812614
42.815656,-73.942324
30.267104,-97.744615
40.989799,-73.80007
39.148558,-77.074173
40.106393,-88.21405
30.429675,-84.258538
42.344328,-71.122217
39.105531,-77.24019
42.068179,-87.932697
40.965847,-73.845926
37.818542,-121.969476
41.021378,-73.805692
43.069507,-77.514294
30.429675,-84.258538
38.964901,-76.966704
39.148558,-77.074173
42.133221,-87.934315
34.001758,-118.394799
43.613913,-116.200919
40.619819,-74.375205
42.815656,-73.942324
34.001758,-118.394799
40.725101,-111.939531
41.685996,-73.896069
39.893349,-84.219043
47.11881,-122.30643
41.27238,-73.68924
34.077008,-117.617165
40.805311,-74.187412
41.55553,-87.497888
37.818542,-121.969476
42.027217,-87.813189
40.335503,-74.577831
32.996744,-117.256492
41.541709,-73.902683
47.586461,-122.030567
37.330413,-121.891128
41.27238,-73.68924
47.586461,-122.030567
41.966626,-88.161383
41.25774,-76.71378
39.022959,-77.19925
40.606393,-74.152402
43.082534,-87.884406
37.416667,-122.166667
44.88963,-92.91884
40.606393,-74.152402
42.344328,-71.122217
37.643644,-122.411982
42.274234,-83.730952
40.442411,-79.996664
40.234142,-74.002173
34.001758,-118.394799
40.089503,-75.637922
42.068179,-87.932697
47.586461,-122.030567
37.416667,-122.166667
42.332052,-71.207484
38.790084,-77.280669
21.308944,-157.86115
34.19292,-118.82262
39.979634,-86.119609
39.979634,-86.119609
41.350556,-71.9825
33.893354,-117.931038
39.266016,-76.845513
40.784909,-74.257646
40.045461,-75.387632
32.996744,-117.256492
39.979634,-86.119609
39.105531,-77.24019
43.069507,-77.514294
42.815656,-73.942324
37.405548,-122.078481
40.44666,-74.48898
34.012451,-118.471282
33.499493,-86.800795
42.344328,-71.122217
43.069507,-77.514294
41.595832,-73.88745
37.416667,-122.166667
33.893354,-117.931038
32.952906,-96.703839
42.253632,-89.017952
40.319065,-74.263182
33.788031,-118.032536
42.85146,-73.79898
40.786,-73.84407
40.606393,-74.152402
39.888912,-74.911599
41.010086,-73.950666
47.649774,-122.398314
32.765788,-96.85689
42.274234,-83.730952
41.53872,-84.89892
40.335503,-74.577831
43.069507,-77.514294
40.335503,-74.577831
30.267104,-97.744615
39.77827,-75.687486
37.845244,-122.122691
40.26594,-74.69586
41.204177,-73.435815
33.502066,-117.154829
40.442411,-79.996664
37.330413,-121.891128
21.384548,-157.93373
37.405548,-122.078481
40.593164,-74.619513
34.085014,-117.96983
41.57359,-73.796075
37.915859,-122.023678
47.624151,-122.048612
41.174335,-73.845908
47.586461,-122.030567
37.845244,-122.122691
42.815656,-73.942324
41.087432,-81.515568
40.430536,-79.608959
37.818542,-121.969476
34.001758,-118.394799
43.069507,-77.514294
39.97194,-74.21988
37.818542,-121.969476
37.629876,-122.103025
47.649774,-122.398314
33.788031,-118.032536
21.308944,-157.86115
34.001758,-118.394799
47.855245,-122.221023
47.586461,-122.030567
37.400588,-121.963467
41.27238,-73.68924
38.580708,-121.526563
40.71588,-74.817513
38.994472,-77.025419
38.994472,-77.025419
42.071476,-88.049239
33.979568,-117.898437
41.670601,-86.077419
37.405548,-122.078481
40.44666,-74.48898
38.678182,-121.174368
37.629876,-122.103025
33.767496,-118.187712
37.416667,-122.166667
41.27238,-73.68924
40.693796,-74.382617
41.204177,-73.435815
41.971118,-87.829399
47.649774,-122.398314
40.274777,-75.289827
37.54793,-122.26931
40.784909,-74.257646
43.098373,-89.324921
39.97194,-74.21988
39.085561,-84.513589
37.401284,-122.008179
32.765788,-96.85689
41.595832,-73.88745
39.74687,-104.99312
39.675696,-104.885137
40.26594,-74.69586
40.757885,-73.644633
40.73854,-73.488866
42.815656,-73.942324
41.010086,-73.950666
41.57359,-73.796075
38.949859,-77.344333
40.148617,-75.266159
33.788031,-118.032536
33.766667,-118.366667
33.766667,-118.366667
39.148558,-77.074173
34.19292,-118.82262
34.001758,-118.394799
38.017076,-121.90965
47.649774,-122.398314
40.708181,-74.003846
33.502066,-117.154829
33.825599,-118.328416
42.344328,-71.122217
33.713991,-117.928354
42.742927,-83.530899
43.069507,-77.514294
37.416667,-122.166667
47.624151,-122.048612
37.243087,-121.971656
37.400588,-121.963467
34.001758,-118.394799
30.267104,-97.744615
30.267104,-97.744615
37.574646,-122.046431
42.595072,-83.389939
37.353924,-122.085935
47.586461,-122.030567
47.586461,-122.030567
44.88963,-92.91884
37.818542,-121.969476
42.374067,-71.117136
42.332052,-71.207484
41.25774,-76.71378
40.089503,-75.637922
39.979634,-86.119609
33.648513,-117.838683
42.318527,-71.157052
40.965847,-73.845926
44.88963,-92.91884
39.002607,-77.093732
35.928939,-79.040693
33.453421,-112.070376
39.105531,-77.24019
39.893349,-84.219043
40.385487,-74.172575
37.401284,-122.008179
37.494512,-122.269775
42.332052,-71.207484
41.56722,-90.462
40.385487,-74.172575
40.26594,-74.69586
41.48784,-73.94904
47.649774,-122.398314
37.330413,-121.891128
40.44666,-74.48898
34.001758,-118.394799
34.001758,-118.394799
43.069507,-77.514294
34.210263,-118.570594
34.210263,-118.570594
38.994472,-77.025419
39.098463,-76.936128
37.494512,-122.269775
38.994472,-77.025419
34.19292,-118.82262
38.678182,-121.174368
39.022959,-77.19925
32.996744,-117.256492
32.996744,-117.256492
39.144286,-77.215257
32.980136,-117.082337
38.733326,-90.622121
39.022959,-77.19925
37.774093,-122.41842
30.267104,-97.744615
37.574646,-122.046431
40.385487,-74.172575
41.595832,-73.88745
33.767496,-118.187712
40.998617,-85.234375
41.254965,-81.481388
40.385487,-74.172575
34.239477,-118.588495
40.385487,-74.172575
30.429675,-84.258538
33.905579,-84.179966
40.442411,-79.996664
37.401284,-122.008179
37.629876,-122.103025
38.163,-85.5213
34.117986,-117.768243
34.117986,-117.768243
42.561732,-83.14647
43.069507,-77.514294
37.574646,-122.046431
33.825599,-118.328416
37.353924,-122.085935
38.462708,-122.638647
37.322857,-122.052958
37.330413,-121.891128
39.171649,-76.852986
37.353924,-122.085935
32.765788,-96.85689
47.649774,-122.398314
43.149327,-76.223372
37.322857,-122.052958
40.100412,-83.115807
40.01281,-105.205353
42.85146,-73.79898
32.765788,-96.85689
34.012451,-118.471282
37.401284,-122.008179
36.054889,-95.716187
37.405548,-122.078481
41.760236,-72.950679
41.087432,-81.515568
39.022959,-77.19925
39.684577,-75.735242
40.385487,-74.172575
42.374067,-71.117136
43.069507,-77.514294
42.58956,-83.26536
47.564004,-122.226476
47.586461,-122.030567
42.815656,-73.942324
37.353924,-122.085935
40.606393,-74.152402
39.105531,-77.24019
33.882928,-117.85569
39.148558,-77.074173
38.733326,-90.622121
37.400588,-121.963467
37.400588,-121.963467
40.989799,-73.80007
45.49361,-122.800298
37.401284,-122.008179
42.374067,-71.117136
42.332052,-71.207484
39.266016,-76.845513
37.774093,-122.41842
37.400588,-121.963467
41.587062,-87.883775
40.01281,-105.205353
38.050332,-84.49784
39.684577,-75.735242
42.274234,-83.730952
33.825599,-118.328416
37.330413,-121.891128
34.001758,-118.394799
37.774093,-122.41842
44.060636,-92.439257
40.988263,-80.295406
46.211673,-119.13807
43.00245,-78.781965
34.085014,-117.96983
41.087432,-81.515568
37.401284,-122.008179
40.989799,-73.80007
40.274777,-75.289827
37.330413,-121.891128
41.74994,-87.977041
40.518788,-74.398608
37.774093,-122.41842
37.774093,-122.41842
41.021378,-73.805692
39.002607,-77.093732
40.335503,-74.577831
41.595832,-73.88745
47.586461,-122.030567
42.234095,-71.28611
37.774093,-122.41842
37.229886,-121.958736
37.401284,-122.008179
37.400588,-121.963467
35.757664,-81.327333
33.502066,-117.154829
34.145314,-117.853357
40.989799,-73.80007
40.686884,-73.469397
40.743107,-73.906134
38.803177,-77.058685
35.996965,-78.899565
36.054889,-95.716187
40.71588,-74.817513
42.305022,-71.231767
47.586461,-122.030567
41.204177,-73.435815
39.144286,-77.215257
37.353924,-122.085935
37.774093,-122.41842
37.494512,-122.269775
40.01281,-105.205353
40.337902,-74.126907
40.989799,-73.80007
38.803177,-77.058685
37.845244,-122.122691
37.845244,-122.122691
42.26892,-88.06098
40.989799,-73.80007
47.649774,-122.398314
42.318527,-71.157052
33.162901,-117.345744
40.045461,-75.387632
33.766667,-118.366667
42.234095,-71.28611
38.733326,-90.622121
37.353924,-122.085935
42.815656,-73.942324
41.27238,-73.68924
40.725101,-111.939531
40.725101,-111.939531
40.385487,-74.172575
37.400588,-121.963467
42.332052,-71.207484
38.803177,-77.058685
41.021378,-73.805692
41.90328,-71.39238
37.330413,-121.891128
37.401284,-122.008179
42.674498,-71.003708
37.353924,-122.085935
41.302547,-72.611171
47.624151,-122.048612
37.774093,-122.41842
41.302547,-72.611171
43.069507,-77.514294
37.401284,-122.008179
47.62002,-122.204989
40.335503,-74.577831
37.868252,-122.258486
39.893349,-84.219043
41.302547,-72.611171
37.897485,-122.112374
33.428352,-111.932123
41.302547,-72.611171
42.071476,-88.049239
32.916909,-96.97227
33.453421,-112.070376
43.069507,-77.514294
40.385487,-74.172575
40.693796,-74.382617
40.909925,-74.364898
33.162901,-117.345744
31.092892,-97.364817
37.353924,-122.085935
41.595832,-73.88745
29.770633,-95.414819
33.882928,-117.85569
37.494512,-122.269775
33.853611,-118.133056
33.162901,-117.345744
37.353924,-122.085935
40.708181,-74.003846
47.624151,-122.048612
39.105531,-77.24019
42.484999,-71.518519
35.928939,-79.040693
32.765788,-96.85689
33.932507,-118.058491
41.974943,-91.655103
40.989799,-73.80007
42.561732,-83.14647
37.416667,-122.166667
42.133221,-87.934315
43.149327,-76.223372
32.996744,-117.256492
42.305022,-71.231767
33.825599,-118.328416
40.606393,-74.152402
40.725101,-111.939531
41.302547,-72.611171
40.965847,-73.845926
40.335503,-74.577831
37.416667,-122.166667
40.733044,-74.403459
40.335503,-74.577831
42.071476,-88.049239
37.494512,-122.269775
37.229886,-121.958736
35.928939,-79.040693
40.335503,-74.577831
41.204177,-73.435815
34.001758,-118.394799
40.335503,-74.577831
37.845244,-122.122691
37.845244,-122.122691
42.26892,-88.06098
47.564004,-122.226476
37.401284,-122.008179
40.989799,-73.80007
32.996744,-117.256492
33.502066,-117.154829
39.893349,-84.219043
33.940256,-117.397192
38.68451,-121.225634
37.401284,-122.008179
35.161545,-106.579538
40.385487,-74.172575
42.318527,-71.157052
40.337902,-74.126907
32.656547,-116.95907
33.648513,-117.838683
42.26892,-88.06098
37.330413,-121.891128
33.55512,-117.666532
45.085314,-93.134715
32.765788,-96.85689
42.26892,-88.06098
32.996744,-117.256492
39.684577,-75.735242
41.685996,-73.896069
38.790084,-77.280669
37.494512,-122.269775
37.629876,-122.103025
44.88963,-92.91884
32.996744,-117.256492
37.416667,-122.166667
32.215483,-110.970828
42.318527,-71.157052
42.305022,-71.231767
42.85146,-73.79898
32.996744,-117.256492
41.587062,-87.883775
41.577582,-93.708707
42.85146,-73.79898
42.815656,-73.942324
39.77827,-75.687486
40.708181,-74.003846
40.442411,-79.996664
37.401284,-122.008179
42.305022,-71.231767
42.85146,-73.79898
34.001758,-118.394799
33.620985,-117.93211
37.416667,-122.166667
40.693796,-74.382617
33.866635,-118.048458
33.502066,-117.154829
38.733326,-90.622121
42.674498,-71.003708
42.448372,-71.233754
44.875459,-93.37435
29.770633,-95.414819
39.105531,-77.24019
37.330413,-121.891128
28.683684,-81.276404
34.19292,-118.82262
47.649774,-122.398314
42.071476,-88.049239
40.787354,-77.900156
42.274234,-83.730952
37.416667,-122.166667
35.928939,-79.040693
39.893349,-84.219043
42.85146,-73.79898
47.586461,-122.030567
42.58956,-83.26536
41.64704,-87.62067
47.649774,-122.398314
42.234095,-71.28611
45.085314,-93.134715
37.416667,-122.166667
36.054889,-95.716187
40.385487,-74.172575
47.649774,-122.398314
30.267104,-97.744615
37.330413,-121.891128
41.64704,-87.62067
33.717977,-118.050451
33.858383,-118.003267
42.378002,-71.239881
32.996744,-117.256492
34.001758,-118.394799
42.234095,-71.28611
37.494512,-122.269775
42.65202,-72.609653
42.26892,-88.06098
47.649774,-122.398314
38.733326,-90.622121
39.976602,-82.856827
41.64704,-87.62067
33.863555,-118.182163
41.04176,-73.855752
43.069507,-77.514294
41.760236,-72.950679
40.335503,-74.577831
41.595832,-73.88745
37.401284,-122.008179
37.401284,-122.008179
37.401284,-122.008179
37.416667,-122.166667
34.109919,-118.125578
47.624151,-122.048612
39.105531,-77.24019
42.234095,-71.28611
41.254965,-81.481388
37.330413,-121.891128
40.733044,-74.403459
41.843375,-87.763267
37.330413,-121.891128
29.615834,-95.552346
41.760236,-72.950679
40.989799,-73.80007
42.411936,-71.176546
37.330413,-121.891128
41.302547,-72.611171
38.790084,-77.280669
37.322857,-122.052958
36.054889,-95.716187
38.733326,-90.622121
37.353924,-122.085935
37.322857,-122.052958
40.430536,-79.608959
40.01281,-105.205353
37.416667,-122.166667
37.416667,-122.166667
40.442411,-79.996664
47.586461,-122.030567
47.624151,-122.048612
33.858383,-118.003267
37.330413,-121.891128
42.85146,-73.79898
37.868252,-122.258486
37.416667,-122.166667
40.26594,-74.69586
40.137064,-88.278526
44.981963,-93.26551
35.928939,-79.040693
34.001758,-118.394799
41.010086,-73.950666
40.725101,-111.939531
44.88963,-92.91884
41.046598,-74.038288
42.32025,-71.439495
37.416667,-122.166667
40.385487,-74.172575
41.783823,-88.146897
45.535156,-122.95626
39.144286,-77.215257
42.274234,-83.730952
40.781235,-74.06458
41.087432,-81.515568
37.401284,-122.008179
47.624151,-122.048612
37.416667,-122.166667
40.442411,-79.996664
37.494512,-122.269775
37.401284,-122.008179
37.629876,-122.103025
37.330413,-121.891128
40.518788,-74.398608
35.123453,-80.713602
37.845244,-122.122691
37.401284,-122.008179
37.494512,-122.269775
44.183332,-88.463405
42.58956,-83.26536
42.58956,-83.26536
41.64704,-87.62067
37.405548,-122.078481
37.400588,-121.963467
40.781235,-74.06458
35.928939,-79.040693
41.57359,-73.796075
37.353924,-122.085935
37.416667,-122.166667
37.330413,-121.891128
45.085314,-93.134715
42.856481,-73.956093
40.394077,-74.544739
42.318527,-71.157052
41.204177,-73.435815
37.401284,-122.008179
37.400588,-121.963467
37.400588,-121.963467
40.733044,-74.403459
37.574646,-122.046431
42.10105,-87.757641
37.330413,-121.891128
41.254965,-81.481388
36.92226,-89.29548
37.494512,-122.269775
37.416667,-122.166667
34.062806,-117.195587
41.760236,-72.950679
37.330413,-121.891128
42.58956,-83.26536
37.330413,-121.891128
33.866635,-118.048458
40.442411,-79.996664
39.266016,-76.845513
42.85146,-73.79898
40.733044,-74.403459
41.254965,-81.481388
30.440689,-97.621429
42.360936,-71.060239
33.648513,-117.838683
39.144286,-77.215257
44.88963,-92.91884
37.400588,-121.963467
41.010086,-73.950666
40.26594,-74.69586
47.649774,-122.398314
47.624151,-122.048612
34.001758,-118.394799
40.91802,-74.42586
34.001758,-118.394799
30.440689,-97.621429
35.996965,-78.899565
41.843375,-87.763267
40.786,-73.84407
36.054889,-95.716187
33.428352,-111.932123
37.494512,-122.269775
35.928939,-79.040693
33.466987,-111.914908
39.983187,-75.412719
37.330413,-121.891128
40.335503,-74.577831
44.88963,-92.91884
39.002607,-77.093732
32.980136,-117.082337
32.996744,-117.256492
33.88958,-118.352749
43.016381,-87.979711
41.64704,-87.62067
41.760236,-72.950679
32.996744,-117.256492
37.62501,-122.432243
37.62501,-122.432243
37.416667,-122.166667
42.506757,-83.475536
30.440689,-97.621429
36.070576,-79.766148
41.136498,-81.341458
40.01281,-105.205353
33.01776,-96.62442
34.001758,-118.394799
40.27776,-74.36112
40.105338,-75.21214
41.822715,-71.42064
37.401284,-122.008179
38.733326,-90.622121
46.874888,-96.784488
37.330413,-121.891128
40.708181,-74.003846
40.878259,-74.080661
40.235193,-75.289081
30.440689,-97.621429
37.53347,-122.250368
47.649774,-122.398314
40.76476,-73.77751
40.106393,-88.21405
40.345441,-74.655866
41.783823,-88.146897
40.044093,-84.217683
37.494512,-122.269775
37.400588,-121.963467
37.400588,-121.963467
39.9798,-86.119237
40.749542,-73.883319
37.416667,-122.166667
33.713991,-117.928354
39.022959,-77.19925
37.494512,-122.269775
40.806978,-81.956817
30.440689,-97.621429
41.64704,-87.62067
40.385487,-74.172575
39.022959,-77.19925
42.405095,-87.859493
32.954431,-97.015214
37.416667,-122.166667
39.77827,-75.687486
37.330413,-121.891128
40.442411,-79.996664
37.416667,-122.166667
42.198796,-71.435066
40.733044,-74.403459
37.400588,-121.963467
39.105531,-77.24019
37.330413,-121.891128
40.708181,-74.003846
40.19076,-75.20658
38.994472,-77.025419
37.494512,-122.269775
42.32025,-71.439495
42.287156,-71.352308
40.335503,-74.577831
40.335503,-74.577831
40.788165,-73.812193
40.430536,-79.608959
37.774093,-122.41842
37.400588,-121.963467
39.002607,-77.093732
43.069507,-77.514294
39.105531,-77.24019
40.837825,-73.281154
36.054889,-95.716187
30.440689,-97.621429
37.400588,-121.963467
41.021378,-73.805692
37.400588,-121.963467
34.389797,-118.558445
33.428352,-111.932123
45.085314,-93.134715
37.330413,-121.891128
41.843375,-87.763267
47.624151,-122.048612
37.330413,-121.891128
33.648513,-117.838683
47.624151,-122.048612
47.624151,-122.048612
33.428352,-111.932123
32.996744,-117.256492
37.494512,-122.269775
37.774093,-122.41842
42.815656,-73.942324
41.64704,-87.62067
34.001758,-118.394799
37.868252,-122.258486
42.79578,-73.86744
33.648513,-117.838683
37.330413,-121.891128
42.374067,-71.117136
34.001758,-118.394799
34.154498,-118.64317
34.154498,-118.64317
36.054889,-95.716187
41.04176,-73.855752
37.400588,-121.963467
39.684577,-75.735242
40.26594,-74.69586
42.234095,-71.28611
40.733044,-74.403459
37.401284,-122.008179
37.243087,-121.971656
32.765788,-96.85689
33.849063,-118.039814
40.335503,-74.577831
37.400588,-121.963467
33.907592,-118.020573
33.191119,-117.228812
42.484999,-71.518519
47.624151,-122.048612
37.29502,-121.960662
37.330413,-121.891128
40.781235,-74.06458
40.781235,-74.06458
37.330413,-121.891128
47.624151,-122.048612
32.996744,-117.256492
38.790084,-77.280669
42.26892,-88.06098
37.574646,-122.046431
37.401284,-122.008179
42.85146,-73.79898
37.845244,-122.122691
37.330413,-121.891128
41.595832,-73.88745
47.649774,-122.398314
42.071476,-88.049239
39.022959,-77.19925
45.085314,-93.134715
36.054889,-95.716187
40.71588,-74.817513
37.868252,-122.258486
37.494512,-122.269775
40.335503,-74.577831
47.62002,-122.204989
33.858383,-118.003267
40.385487,-74.172575
45.085314,-93.134715
41.685996,-73.896069
34.237131,-118.481042
47.648322,-122.533526
40.44666,-74.48898
37.400588,-121.963467
34.154498,-118.64317
40.335503,-74.577831
47.624151,-122.048612
43.149327,-76.223372
33.191119,-117.228812
40.733044,-74.403459
39.908086,-75.004604
37.494512,-122.269775
40.781235,-74.06458
36.054889,-95.716187
32.996744,-117.256492
34.001758,-118.394799
39.333798,-84.405623
37.353924,-122.085935
43.098373,-89.324921
33.752811,-117.995095
42.133221,-87.934315
47.624151,-122.048612
40.781235,-74.06458
42.58956,-83.26536
42.413287,-72.530513
39.979634,-86.119609
40.747242,-73.949347
37.330413,-121.891128
40.385487,-74.172575
47.624151,-122.048612
40.089503,-75.637922
40.089503,-75.637922
39.266016,-76.845513
37.330413,-121.891128
37.330413,-121.891128
35.928939,-79.040693
40.527398,-75.560135
40.700446,-74.405937
37.330413,-121.891128
42.32025,-71.439495
37.494512,-122.269775
42.360936,-71.060239
40.106393,-88.21405
33.893354,-117.931038
42.65202,-72.609653
37.400588,-121.963467
33.466987,-111.914908
42.133221,-87.934315
36.054889,-95.716187
37.330413,-121.891128
39.022959,-77.19925
30.267104,-97.744615
47.624151,-122.048612
37.494512,-122.269775
40.593164,-74.619513
41.685996,-73.896069
32.996744,-117.256492
40.988263,-80.295406
38.050332,-84.49784
38.678182,-121.174368
38.786738,-77.455746
37.574646,-122.046431
37.401284,-122.008179
32.96187,-117.232665
38.994472,-77.025419
34.029301,-117.856609
42.318527,-71.157052
42.815656,-73.942324
33.428352,-111.932123
40.708181,-74.003846
39.545881,-104.974412
39.976602,-82.856827
41.316416,-72.695683
41.760236,-72.950679
35.996965,-78.899565
40.593164,-74.619513
42.204508,-83.482683
38.763405,-77.314652
40.045461,-75.387632
47.624151,-122.048612
40.401197,-104.701365
42.234095,-71.28611
41.087432,-81.515568
41.27238,-73.68924
37.400588,-121.963467
40.821396,-74.439545
34.001758,-118.394799
33.428352,-111.932123
36.161267,-86.783675
37.400588,-121.963467
41.046598,-74.038288
42.448372,-71.233754
40.725101,-111.939531
37.416667,-122.166667
33.01776,-96.62442
44.981963,-93.26551
35.928939,-79.040693
42.022506,-88.168156
41.760236,-72.950679
41.760236,-72.950679
40.335503,-74.577831
37.401284,-122.008179
40.210833,-75.278611
39.29778,-76.608993
40.400392,-74.324601
37.494512,-122.269775
42.707769,-84.42075
41.685996,-73.896069
33.428352,-111.932123
37.330413,-121.891128
38.163,-85.5213
39.77827,-75.687486
29.770633,-95.414819
37.629876,-122.103025
30.440689,-97.621429
37.401284,-122.008179
43.069507,-77.514294
40.679559,-74.567323
37.53347,-122.250368
37.818542,-121.969476
32.858943,-96.60296
42.411936,-71.176546
41.046598,-74.038288
37.243087,-121.971656
42.174011,-87.964322
47.791785,-122.304134
34.049002,-117.979948
37.416667,-122.166667
32.996744,-117.256492
43.069507,-77.514294
40.394077,-74.544739
37.401284,-122.008179
40.871765,-74.347469
47.62002,-122.204989
42.204508,-83.482683
42.418809,-83.104982
45.629189,-122.517536
39.675696,-104.885137
39.675696,-104.885137
39.74687,-104.99312
39.74687,-104.99312
40.693796,-74.382617
29.770633,-95.414819
41.760236,-72.950679
33.365635,-117.248377
44.827962,-93.378236
40.19076,-75.20658
41.595832,-73.88745
33.466987,-111.914908
37.401284,-122.008179
34.237131,-118.481042
42.484999,-71.518519
41.087432,-81.515568
37.400588,-121.963467
34.237131,-118.481042
33.858383,-118.003267
37.353924,-122.085935
42.448372,-71.233754
39.105531,-77.24019
36.054889,-95.716187
33.766667,-118.366667
33.766667,-118.366667
40.105338,-75.21214
42.647505,-71.336201
42.707769,-84.42075
42.287156,-71.352308
42.815656,-73.942324
37.330413,-121.891128
33.021961,-96.5372
45.085314,-93.134715
32.980136,-117.082337
40.442411,-79.996664
37.401284,-122.008179
34.001426,-117.815685
40.781235,-74.06458
33.502066,-117.154829
44.88963,-92.91884
37.53347,-122.250368
35.928939,-79.040693
40.350715,-74.272724
32.916909,-96.97227
32.215483,-110.970828
34.237131,-118.481042
32.765788,-96.85689
37.416667,-122.166667
37.243087,-121.971656
40.663916,-73.860508
40.137064,-88.278526
43.069507,-77.514294
42.448372,-71.233754
42.448372,-71.233754
40.335503,-74.577831
37.774093,-122.41842
40.335503,-74.577831
42.320079,-83.262487
39.545881,-104.974412
37.809816,-122.265531
42.360936,-71.060239
42.305022,-71.231767
33.162901,-117.345744
33.893354,-117.931038
42.448372,-71.233754
42.216196,-87.883916
42.287156,-71.352308
33.191119,-117.228812
41.595832,-73.88745
47.624151,-122.048612
40.335503,-74.577831
37.401284,-122.008179
40.781235,-74.06458
37.330413,-121.891128
41.04176,-73.855752
43.098373,-89.324921
37.401284,-122.008179
26.722172,-80.306749
34.160034,-118.213223
37.629876,-122.103025
40.91802,-74.42586
42.448372,-71.233754
41.64704,-87.62067
32.215483,-110.970828
42.448372,-71.233754
42.448372,-71.233754
37.401284,-122.008179
30.440689,-97.621429
37.494512,-122.269775
41.64704,-87.62067
40.574785,-74.498817
40.781235,-74.06458
36.054889,-95.716187
32.996744,-117.256492
35.996965,-78.899565
39.002477,-77.300045
37.400588,-121.963467
42.423402,-71.514638
41.010086,-73.950666
42.58956,-83.26536
42.707769,-84.42075
40.44666,-74.48898
38.68451,-121.225634
40.335503,-74.577831
40.725101,-111.939531
42.58956,-83.26536
30.440689,-97.621429
40.989799,-73.80007
33.752811,-117.995095
35.352237,-94.353023
37.494512,-122.269775
41.64704,-87.62067
43.098373,-89.324921
37.322857,-122.052958
37.400588,-121.963467
33.766667,-118.366667
33.766667,-118.366667
40.725101,-111.939531
42.707769,-84.42075
42.56316,-76.55484
32.765788,-96.85689
37.400588,-121.963467
40.442411,-79.996664
39.010382,-76.681142
41.278295,-72.796351
30.440689,-97.621429
41.021378,-73.805692
37.322857,-122.052958
37.330413,-121.891128
33.857014,-84.222994
39.9798,-86.119237
40.335503,-74.577831
40.708181,-74.003846
37.400588,-121.963467
30.16299,-93.783644
40.708181,-74.003846
44.183332,-88.463405
42.413287,-72.530513
30.440689,-97.621429
37.416667,-122.166667
40.821396,-74.439545
45.535156,-122.95626
42.707769,-84.42075
37.400588,-121.963467
47.649774,-122.398314
37.330413,-121.891128
42.023745,-93.662894
39.266016,-76.845513
47.624151,-122.048612
40.449365,-79.68196
38.857622,-77.053083
37.400588,-121.963467
37.29502,-121.960662
33.907592,-118.020573
41.087432,-81.515568
40.693796,-74.382617
37.868252,-122.258486
41.760236,-72.950679
40.335503,-74.577831
47.624151,-122.048612
37.353924,-122.085935
38.982769,-94.365575
42.237105,-85.203233
42.561732,-83.14647
42.288869,-83.477501
37.845244,-122.122691
41.010086,-73.950666
40.400392,-74.324601
40.27776,-74.36112
42.85146,-73.79898
40.849836,-72.889667
35.928939,-79.040693
33.979568,-117.898437
42.56316,-76.55484
40.26594,-74.69586
40.44666,-74.48898
37.322857,-122.052958
45.537367,-122.655861
37.400588,-121.963467
41.316416,-72.695683
40.693796,-74.382617
41.316416,-72.695683
42.448372,-71.233754
42.093298,-71.404394
47.648322,-122.533526
40.851376,-73.975825
40.449365,-79.68196
30.267104,-97.744615
41.760236,-72.950679
40.909925,-74.364898
40.27776,-74.36112
36.054889,-95.716187
32.858943,-96.60296
37.401284,-122.008179
37.400588,-121.963467
37.401284,-122.008179
41.970895,-71.3046
47.649774,-122.398314
33.01776,-96.62442
41.087432,-81.515568
34.001758,-118.394799
42.484999,-71.518519
37.330413,-121.891128
30.440689,-97.621429
45.085314,-93.134715
33.752811,-117.995095
39.684577,-75.735242
34.001758,-118.394799
29.770633,-95.414819
39.675696,-104.885137
39.675696,-104.885137
39.675696,-104.885137
39.675696,-104.885137
37.574646,-122.046431
39.002477,-77.300045
40.663916,-73.860508
37.401284,-122.008179
42.374067,-71.117136
37.401284,-122.008179
41.595832,-73.88745
40.708181,-74.003846
42.391409,-71.094721
37.243087,-121.971656
41.84182,-87.95104
37.330413,-121.891128
42.707769,-84.42075
44.183332,-88.463405
37.400588,-121.963467
33.428352,-111.932123
37.29502,-121.960662
37.405548,-122.078481
40.26594,-74.69586
41.631065,-83.618751
37.400588,-121.963467
33.934534,-117.945247
40.243519,-74.277392
41.62236,-85.98378
32.996744,-117.256492
37.868252,-122.258486
40.345441,-74.655866
37.401284,-122.008179
37.243087,-121.971656
39.022959,-77.19925
42.815656,-73.942324
40.442411,-79.996664
47.649774,-122.398314
40.784909,-74.257646
42.3612,-71.36388
40.787354,-77.900156
37.330413,-121.891128
37.416667,-122.166667
40.278302,-75.390438
42.318527,-71.157052
42.47301,-83.260797
45.09864,-93.254963
41.04176,-73.855752
42.448372,-71.233754
40.781235,-74.06458
37.322857,-122.052958
42.305022,-71.231767
40.784909,-74.257646
41.204177,-73.435815
41.783823,-88.146897
40.335503,-74.577831
41.76168,-72.61261
37.330413,-121.891128
42.815656,-73.942324
30.267104,-97.744615
40.26594,-74.69586
37.330413,-121.891128
39.951255,-75.163103
43.613913,-116.200919
26.722172,-80.306749
34.029301,-117.856609
39.324681,-81.500999
40.725101,-111.939531
40.234142,-74.002173
33.968982,-84.548663
37.330413,-121.891128
40.725101,-111.939531
37.330413,-121.891128
30.267104,-97.744615
37.322857,-122.052958
34.054812,-118.404164
38.163,-85.5213
34.263508,-118.526054
41.742276,-86.161696
37.400588,-121.963467
40.234142,-74.002173
35.218471,-80.811634
37.330413,-121.891128
30.267104,-97.744615
33.893354,-117.931038
40.350715,-74.272724
37.330413,-121.891128
36.054889,-95.716187
41.595832,-73.88745
39.951255,-75.163103
37.416667,-122.166667
39.010382,-76.681142
37.322857,-122.052958
42.023745,-93.662894
37.400588,-121.963467
40.442411,-79.996664
42.484999,-71.518519
37.53347,-122.250368
44.446346,-73.175684
42.815656,-73.942324
32.672124,-97.091014
40.708181,-74.003846
33.752811,-117.995095
33.502066,-117.154829
37.330413,-121.891128
37.400588,-121.963467
47.624151,-122.048612
35.151852,-89.790781
41.783823,-88.146897
35.928939,-79.040693
37.400588,-121.963467
37.400588,-121.963467
33.907592,-118.020573
40.644815,-74.826924
37.330413,-121.891128
37.330413,-121.891128
37.401284,-122.008179
33.502066,-117.154829
42.360936,-71.060239
40.679559,-74.567323
37.330413,-121.891128
44.446346,-73.175684
42.85146,-73.79898
37.416667,-122.166667
40.693796,-74.382617
37.774093,-122.41842
41.316416,-72.695683
37.322857,-122.052958
30.267104,-97.744615
40.851376,-73.975825
37.330413,-121.891128
39.010382,-76.681142
40.663916,-73.860508
40.243519,-74.277392
37.330413,-121.891128
40.26594,-74.69586
37.401284,-122.008179
37.774093,-122.41842
37.330413,-121.891128
42.85146,-73.79898
35.161545,-106.579538
33.893354,-117.931038
37.322857,-122.052958
41.66832,-73.7439
29.42543,-98.486926
35.928939,-79.040693
35.928939,-79.040693
35.928939,-79.040693
37.353924,-122.085935
40.27776,-74.36112
37.330413,-121.891128
42.071476,-88.049239
40.19076,-75.20658
37.330413,-121.891128
37.494512,-122.269775
37.400588,-121.963467
33.752811,-117.995095
37.330413,-121.891128
21.308944,-157.86115
40.26594,-74.69586
42.274234,-83.730952
35.352237,-94.353023
40.991196,-73.980288
40.890436,-74.047813
33.88235,-118.122206
35.151852,-89.790781
40.26594,-74.69586
42.561732,-83.14647
41.64704,-87.62067
33.998974,-117.965163
34.091537,-118.38202
42.411936,-71.176546
42.85146,-73.79898
37.330413,-121.891128
40.44666,-74.48898
37.330413,-121.891128
33.934534,-117.945247
33.934534,-117.945247
33.866635,-118.048458
37.400588,-121.963467
40.781235,-74.06458
29.42543,-98.486926
37.353924,-122.085935
40.335503,-74.577831
36.054889,-95.716187
42.198796,-71.435066
33.57612,-117.73638
40.26594,-74.69586
41.278295,-72.796351
40.679559,-74.567323
42.274234,-83.730952
37.330413,-121.891128
37.330413,-121.891128
37.774093,-122.41842
35.670641,-78.663729
39.951255,-75.163103
40.137064,-88.278526
37.330413,-121.891128
41.66832,-73.7439
29.42543,-98.486926
35.161545,-106.579538
42.744346,-73.695668
33.499493,-86.800795
40.44666,-74.48898
40.787354,-77.900156
45.49361,-122.800298
42.448372,-71.233754
37.322857,-122.052958
37.86997,-122.296314
32.765788,-96.85689
45.49361,-122.800298
37.416667,-122.166667
42.85146,-73.79898
39.951255,-75.163103
25.775355,-80.208792
43.613913,-116.200919
37.330413,-121.891128
37.401284,-122.008179
47.624151,-122.048612
40.44666,-74.48898
42.85146,-73.79898
47.649774,-122.398314
42.484999,-71.518519
38.790084,-77.280669
37.400588,-121.963467
37.322857,-122.052958
42.448372,-71.233754
36.054889,-95.716187
45.49361,-122.800298
33.648513,-117.838683
37.809816,-122.265531
33.162901,-117.345744
37.574646,-122.046431
34.029301,-117.856609
42.198796,-71.435066
39.951255,-75.163103
32.980136,-117.082337
32.996744,-117.256492
40.851376,-73.975825
29.42543,-98.486926
42.274234,-83.730952
35.928939,-79.040693
34.001758,-118.394799
34.001758,-118.394799
30.267104,-97.744615
37.330413,-121.891128
39.684577,-75.735242
37.400588,-121.963467
37.330413,-121.891128
41.760236,-72.950679
37.687222,-121.894449
41.64704,-87.62067
41.64704,-87.62067
40.788165,-73.812193
32.980136,-117.082337
37.330413,-121.891128
38.545,-121.739444
33.752811,-117.995095
37.400588,-121.963467
42.85146,-73.79898
42.58956,-83.26536
41.595832,-73.88745
29.770633,-95.414819
37.416667,-122.166667
37.330413,-121.891128
41.727067,-87.828588
37.400588,-121.963467
39.735632,-75.547657
39.105531,-77.24019
47.649774,-122.398314
40.821396,-74.439545
42.484999,-71.518519
37.330413,-121.891128
40.871765,-74.347469
29.66249,-82.325135
37.574646,-122.046431
39.010382,-76.681142
39.951255,-75.163103
37.400588,-121.963467
26.722172,-80.306749
40.335503,-74.577831
37.401284,-122.008179
40.442411,-79.996664
42.448372,-71.233754
40.335503,-74.577831
37.852539,-122.019112
40.593164,-74.619513
40.350715,-74.272724
41.316416,-72.695683
40.871765,-74.347469
37.401284,-122.008179
37.322857,-122.052958
42.071476,-88.049239
32.215483,-110.970828
32.215483,-110.970828
40.725101,-111.939531
40.385487,-74.172575
42.26892,-88.06098
40.345441,-74.655866
39.390473,-77.888269
39.29778,-76.608993
43.613913,-116.200919
33.934534,-117.945247
37.330413,-121.891128
33.648513,-117.838683
30.267104,-97.744615
41.010086,-73.950666
39.976602,-82.856827
26.722172,-80.306749
37.330413,-121.891128
40.693796,-74.382617
43.069507,-77.514294
35.928939,-79.040693
33.021961,-96.5372
33.52554,-117.71436
37.330413,-121.891128
47.649774,-122.398314
42.274234,-83.730952
45.629189,-122.517536
40.350715,-74.272724
43.069507,-77.514294
43.069507,-77.514294
39.951255,-75.163103
41.76168,-72.61261
41.316416,-72.695683
41.087432,-81.515568
40.335503,-74.577831
33.648513,-117.838683
34.001758,-118.394799
41.64704,-87.62067
42.85146,-73.79898
37.405548,-122.078481
32.980136,-117.082337
37.629876,-122.103025
28.018087,-80.682599
43.613913,-116.200919
44.966504,-123.003598
41.742276,-86.161696
43.069507,-77.514294
37.322857,-122.052958
39.735632,-75.547657
42.413287,-72.530513
37.574646,-122.046431
33.52554,-117.71436
37.25286,-122.029595
37.574646,-122.046431
41.64704,-87.62067
41.64704,-87.62067
33.191119,-117.228812
37.29502,-121.960662
47.644452,-117.195238
40.747748,-74.03386
40.693796,-74.382617
40.747748,-74.03386
40.871765,-74.347469
37.322857,-122.052958
37.353924,-122.085935
37.574646,-122.046431
39.893349,-84.219043
37.330413,-121.891128
42.274234,-83.730952
40.449365,-79.68196
37.322857,-122.052958
40.871765,-74.347469
42.086421,-87.826831
37.416667,-122.166667
42.671821,-84.675469
42.448372,-71.233754
32.765788,-96.85689
37.400588,-121.963467
40.442411,-79.996664
37.401284,-122.008179
33.752811,-117.995095
33.162901,-117.345744
37.330413,-121.891128
37.400588,-121.963467
32.765788,-96.85689
40.991196,-73.980288
42.595072,-83.389939
42.086421,-87.826831
37.574646,-122.046431
37.353924,-122.085935
41.708905,-72.873483
37.330413,-121.891128
40.593164,-74.619513
40.747748,-74.03386
37.574646,-122.046431
33.113364,-96.696357
37.330413,-121.891128
40.859388,-74.413425
43.069507,-77.514294
33.934534,-117.945247
37.494512,-122.269775
37.330413,-121.891128
33.825599,-118.328416
40.44666,-74.48898
42.561732,-83.14647
40.679559,-74.567323
33.825599,-118.328416
39.951255,-75.163103
41.038894,-73.556427
42.674498,-71.003708
39.735632,-75.547657
42.448372,-71.233754
43.069507,-77.514294
43.613913,-116.200919
47.649774,-122.398314
47.649774,-122.398314
33.52554,-117.71436
40.862411,-73.985614
42.671821,-84.675469
37.405548,-122.078481
33.766667,-118.366667
32.980136,-117.082337
34.237131,-118.481042
37.574646,-122.046431
37.405548,-122.078481
37.405548,-122.078481
33.668598,-117.838637
42.58956,-83.26536
37.330413,-121.891128
37.330413,-121.891128
45.49361,-122.800298
37.405548,-122.078481
37.574646,-122.046431
47.649774,-122.398314
40.733044,-74.403459
37.401284,-122.008179
34.091537,-118.38202
43.088842,-77.599683
39.217645,-86.458495
37.29502,-121.960662
37.53347,-122.250368
40.335503,-74.577831
37.330413,-121.891128
41.038894,-73.556427
42.360936,-71.060239
37.322857,-122.052958
37.400588,-121.963467
40.871765,-74.347469
37.330413,-121.891128
37.774093,-122.41842
40.708181,-74.003846
33.36171,-86.788783
40.99289,-74.311301
40.991196,-73.980288
42.034146,-87.756196
33.52554,-117.71436
33.52554,-117.71436
37.405548,-122.078481
47.649774,-122.398314
40.733044,-74.403459
33.88958,-118.352749
34.381783,-118.573262
42.85146,-73.79898
37.915859,-122.023678
47.624151,-122.048612
42.374067,-71.117136
38.642678,-90.378302
37.400588,-121.963467
40.991196,-73.980288
37.330413,-121.891128
42.274234,-83.730952
37.401284,-122.008179
30.440689,-97.621429
40.851376,-73.975825
37.574646,-122.046431
33.766667,-118.366667
42.023745,-93.662894
37.400588,-121.963467
37.401284,-122.008179
37.322857,-122.052958
37.401284,-122.008179
33.021961,-96.5372
37.562555,-122.324828
40.234142,-74.002173
40.989799,-73.80007
39.951255,-75.163103
33.940256,-117.397192
37.416667,-122.166667
37.330413,-121.891128
37.330413,-121.891128
37.400588,-121.963467
38.790084,-77.280669
36.070576,-79.766148
37.400588,-121.963467
42.484999,-71.518519
36.161267,-86.783675
40.991196,-73.980288
40.234142,-74.002173
37.416667,-122.166667
39.951255,-75.163103
42.034146,-87.756196
47.649774,-122.398314
40.733044,-74.403459
40.851376,-73.975825
40.851376,-73.975825
37.401284,-122.008179
37.330413,-121.891128
40.449365,-79.68196
43.069507,-77.514294
40.708181,-74.003846
33.453421,-112.070376
40.991196,-73.980288
37.330413,-121.891128
47.649774,-122.398314
41.64704,-87.62067
34.160034,-118.213223
34.160034,-118.213223
37.774093,-122.41842
37.322857,-122.052958
46.280405,-119.290503
33.01776,-96.62442
47.649774,-122.398314
47.624151,-122.048612
47.649774,-122.398314
41.24061,-77.039118
40.733044,-74.403459
34.029301,-117.856609
42.815656,-73.942324
44.921543,-93.482675
37.322857,-122.052958
40.593164,-74.619513
40.733044,-74.403459
42.506757,-83.475536
30.267104,-97.744615
40.350715,-74.272724
37.330413,-121.891128
40.26594,-74.69586
40.693796,-74.382617
40.234142,-74.002173
42.448372,-71.233754
39.976602,-82.856827
42.332052,-71.207484
37.400588,-121.963467
40.449365,-79.68196
33.648513,-117.838683
39.951255,-75.163103
32.765788,-96.85689
45.537367,-122.655861
42.274234,-83.730952
40.449365,-79.68196
41.595832,-73.88745
37.401284,-122.008179
40.871765,-74.347469
42.391409,-71.094721
34.001758,-118.394799
33.449945,-88.820003
40.26594,-74.69586
37.330413,-121.891128
34.19292,-118.82262
37.401284,-122.008179
37.416667,-122.166667
42.274234,-83.730952
38.93368,-77.184391
34.077008,-117.617165
45.085314,-93.134715
37.330413,-121.891128
39.74687,-104.99312
33.162901,-117.345744
40.26594,-74.69586
40.160065,-104.966226
41.970895,-71.3046
37.322857,-122.052958
40.733044,-74.403459
40.733044,-74.403459
42.671821,-84.675469
42.374067,-71.117136
37.400588,-121.963467
32.31316,-106.777481
40.571397,-74.314012
37.330413,-121.891128
33.648513,-117.838683
30.267104,-97.744615
42.85146,-73.79898
41.415836,-72.912377
37.400588,-121.963467
33.52554,-117.71436
39.675696,-104.885137
39.427762,-77.415493
37.330413,-121.891128
42.274234,-83.730952
40.44666,-74.48898
43.069507,-77.514294
32.980136,-117.082337
37.574646,-122.046431
37.330413,-121.891128
37.845244,-122.122691
37.330413,-121.891128
40.335503,-74.577831
40.733044,-74.403459
37.322857,-122.052958
41.316416,-72.695683
41.64704,-87.62067
41.316416,-72.695683
37.330413,-121.891128
33.752811,-117.995095
41.64704,-87.62067
41.200012,-74.216239
40.871765,-74.347469
34.040334,-84.354585
39.951255,-75.163103
37.330413,-121.891128
29.42543,-98.486926
30.267104,-97.744615
40.234142,-74.002173
33.648513,-117.838683
40.593164,-74.619513
41.04176,-73.855752
40.708181,-74.003846
37.330413,-121.891128
34.19292,-118.82262
40.385487,-74.172575
42.086421,-87.826831
33.502066,-117.154829
30.267104,-97.744615
37.330413,-121.891128
37.330413,-121.891128
37.401284,-122.008179
47.649774,-122.398314
37.405548,-122.078481
40.733044,-74.403459
37.400588,-121.963467
37.330413,-121.891128
33.502066,-117.154829
39.089392,-76.852395
40.991196,-73.980288
42.274234,-83.730952
47.649774,-122.398314
47.649774,-122.398314
41.278295,-72.796351
29.770633,-95.414819
37.629876,-122.103025
33.648513,-117.838683
40.234142,-74.002173
30.267104,-97.744615
33.648513,-117.838683
42.65202,-72.609653
40.44666,-74.48898
37.405548,-122.078481
42.671821,-84.675469
42.815656,-73.942324
37.330413,-121.891128
37.330413,-121.891128
33.428352,-111.932123
37.400588,-121.963467
34.067631,-84.271155
40.733044,-74.403459
47.624151,-122.048612
37.53347,-122.250368
42.034146,-87.756196
45.537367,-122.655861
38.830825,-77.362938
37.330413,-121.891128
40.234142,-74.002173
37.400588,-121.963467
34.001758,-118.394799
42.274234,-83.730952
38.580708,-121.526563
40.708181,-74.003846
38.830825,-77.362938
43.601347,-84.206759
38.877688,-104.819099
40.160065,-104.966226
32.980136,-117.082337
38.645844,-90.331287
40.725101,-111.939531
43.098373,-89.324921
40.733044,-74.403459
40.733044,-74.403459
37.400588,-121.963467
33.752811,-117.995095
41.66832,-73.7439
40.278302,-75.390438
43.069507,-77.514294
37.401284,-122.008179
33.502066,-117.154829
42.649524,-71.184214
42.360936,-71.060239
37.330413,-121.891128
40.449365,-79.68196
45.537367,-122.655861
38.790084,-77.280669
37.53347,-122.250368
34.740543,-86.629283
37.330413,-121.891128
37.330413,-121.891128
30.267104,-97.744615
41.783823,-88.146897
34.040334,-84.354585
42.32025,-71.439495
37.400588,-121.963467
40.160065,-104.966226
39.589081,-79.896108
40.733044,-74.403459
39.010382,-76.681142
37.330413,-121.891128
42.071476,-88.049239
39.010382,-76.681142
42.234095,-71.28611
42.234095,-71.28611
37.400588,-121.963467
40.137064,-88.278526
37.400588,-121.963467
34.740543,-86.629283
40.234142,-74.002173
41.64704,-87.62067
42.742927,-83.530899
41.000621,-74.031463
40.991196,-73.980288
37.322857,-122.052958
42.448372,-71.233754
47.649774,-122.398314
47.649774,-122.398314
47.649774,-122.398314
33.752811,-117.995095
32.934024,-97.250604
39.010382,-76.681142
41.783823,-88.146897
40.345441,-74.655866
32.215483,-110.970828
32.215483,-110.970828
44.981963,-93.26551
39.34116,-76.85994
33.825599,-118.328416
40.234142,-74.002173
25.775355,-80.208792
47.649774,-122.398314
37.400588,-121.963467
40.708181,-74.003846
37.401284,-122.008179
38.992333,-76.952986
40.345441,-74.655866
40.299355,-74.614868
41.783823,-88.146897
37.809816,-122.265531
37.330413,-121.891128
47.649774,-122.398314
47.649774,-122.398314
34.001758,-118.394799
37.01446,-121.549589
33.825599,-118.328416
33.893354,-117.931038
37.37986,-122.208569
37.594129,-122.047013
40.991196,-73.980288
37.322857,-122.052958
37.330413,-121.891128
37.330413,-121.891128
33.52554,-117.71436
33.466987,-111.914908
40.773215,-73.746899
33.52554,-117.71436
40.851376,-73.975825
40.871765,-74.347469
33.191119,-117.228812
30.267104,-97.744615
41.087432,-81.515568
39.010382,-76.681142
30.418422,-91.139518
43.098373,-89.324921
29.770633,-95.414819
30.418422,-91.139518
42.274234,-83.730952
37.330413,-121.891128
37.400588,-121.963467
37.416667,-122.166667
37.400588,-121.963467
33.890737,-84.28763
40.663916,-73.860508
47.644452,-117.195238
26.117073,-80.254184
42.360936,-71.060239
37.322857,-122.052958
34.124307,-117.519639
47.624151,-122.048612
40.693796,-74.382617
37.330413,-121.891128
45.537367,-122.655861
41.310015,-72.921458
42.093298,-71.404394
34.091537,-118.38202
32.65994,-117.032213
42.274234,-83.730952
37.400588,-121.963467
37.243087,-121.971656
37.353924,-122.085935
40.851376,-73.975825
47.624151,-122.048612
42.044087,-87.791267
34.237131,-118.481042
42.093298,-71.404394
42.448372,-71.233754
40.733044,-74.403459
33.866635,-118.048458
33.113364,-96.696357
37.322857,-122.052958
37.353924,-122.085935
37.330413,-121.891128
33.88235,-118.122206
37.243087,-121.971656
40.851376,-73.975825
37.330413,-121.891128
44.981963,-93.26551
33.648513,-117.838683
43.613913,-116.200919
45.49361,-122.800298
37.416667,-122.166667
37.330413,-121.891128
37.322857,-122.052958
37.401284,-122.008179
40.29601,-74.856815
42.234095,-71.28611
40.44666,-74.48898
40.518788,-74.398608
34.040334,-84.354585
37.416667,-122.166667
37.400588,-121.963467
37.330413,-121.891128
37.330413,-121.891128
33.113364,-96.696357
37.322857,-122.052958
39.29778,-76.608993
37.322857,-122.052958
37.322857,-122.052958
42.374067,-71.117136
40.234142,-74.002173
37.400588,-121.963467
42.85146,-73.79898
42.65796,-83.18652
42.821709,-86.146908
42.044087,-87.791267
41.66832,-73.7439
37.330413,-121.891128
40.234142,-74.002173
37.405548,-122.078481
37.400588,-121.963467
37.574646,-122.046431
40.679559,-74.567323
47.62002,-122.204989
33.648513,-117.838683
30.267104,-97.744615
37.574646,-122.046431
33.113364,-96.696357
37.330413,-121.891128
37.330413,-121.891128
32.215483,-110.970828
34.237131,-118.481042
42.448372,-71.233754
37.353924,-122.085935
47.649774,-122.398314
42.815656,-73.942324
47.649774,-122.398314
47.649774,-122.398314
39.951255,-75.163103
33.866635,-118.048458
40.449365,-79.68196
37.330413,-121.891128
37.416667,-122.166667
42.274234,-83.730952
34.029301,-117.856609
42.044087,-87.791267
34.210263,-118.570594
37.330413,-121.891128
33.648513,-117.838683
40.733044,-74.403459
37.574646,-122.046431
41.320684,-81.676508
33.788031,-118.032536
40.851376,-73.975825
42.448372,-71.233754
34.001758,-118.394799
40.708181,-74.003846
37.330413,-121.891128
37.400588,-121.963467
40.733044,-74.403459
39.951255,-75.163103
41.66832,-73.7439
29.615834,-95.552346
42.448372,-71.233754
37.330413,-121.891128
37.330413,-121.891128
44.981963,-93.26551
45.49361,-122.800298
40.385487,-74.172575
32.215483,-110.970828
37.330413,-121.891128
37.353924,-122.085935
42.360936,-71.060239
34.067631,-84.271155
37.330413,-121.891128
43.613913,-116.200919
30.267104,-97.744615
37.330413,-121.891128
39.390473,-77.888269
39.022959,-77.19925
39.022959,-77.19925
37.322857,-122.052958
40.787368,-74.319046
45.115998,-93.397431
42.044087,-87.791267
42.274234,-83.730952
41.595832,-73.88745
33.648513,-117.838683
41.89662,-72.14124
45.537367,-122.655861
37.330413,-121.891128
33.01776,-96.62442
34.740543,-86.629283
37.400588,-121.963467
41.595832,-73.88745
37.353924,-122.085935
37.400588,-121.963467
35.670641,-78.663729
42.174011,-87.964322
37.330413,-121.891128
39.893349,-84.219043
33.113364,-96.696357
39.002607,-77.093732
41.57359,-73.796075
42.198796,-71.435066
34.160034,-118.213223
37.401284,-122.008179
37.330413,-121.891128
35.352237,-94.353023
40.728521,-73.186687
37.400588,-121.963467
41.541709,-73.902683
42.360936,-71.060239
42.022506,-88.168156
37.322857,-122.052958
40.442411,-79.996664
37.330413,-121.891128
40.733044,-74.403459
37.330413,-121.891128
45.535156,-122.95626
35.928939,-79.040693
37.416667,-122.166667
33.113364,-96.696357
35.785409,-78.779645
37.330413,-121.891128
47.649774,-122.398314
33.01776,-96.62442
33.162901,-117.345744
37.330413,-121.891128
40.733044,-74.403459
37.405548,-122.078481
47.649774,-122.398314
47.649774,-122.398314
30.267104,-97.744615
33.648513,-117.838683
39.010382,-76.681142
40.553334,-80.152982
39.735632,-75.547657
42.65202,-72.609653
42.374067,-71.117136
37.330413,-121.891128
37.330413,-121.891128
42.448372,-71.233754
41.685996,-73.896069
47.649774,-122.398314
47.649774,-122.398314
37.322857,-122.052958
34.001758,-118.394799
37.330413,-121.891128
42.034146,-87.756196
32.215483,-110.970828
37.330413,-121.891128
37.330413,-121.891128
30.267104,-97.744615
30.267104,-97.744615
37.401284,-122.008179
40.733044,-74.403459
47.649774,-122.398314
47.649774,-122.398314
45.085314,-93.134715
37.330413,-121.891128
37.330413,-121.891128
41.595832,-73.88745
38.790084,-77.280669
40.335503,-74.577831
42.071476,-88.049239
37.405548,-122.078481
40.443842,-86.911409
34.145227,-118.756588
47.649774,-122.398314
40.93285,-73.108934
42.969504,-78.798576
45.537367,-122.655861
45.537367,-122.655861
39.002607,-77.093732
33.648513,-117.838683
33.648513,-117.838683
37.330413,-121.891128
37.330413,-121.891128
40.733044,-74.403459
42.85146,-73.79898
37.322857,-122.052958
40.278302,-75.390438
33.162901,-117.345744
33.113364,-96.696357
30.267104,-97.744615
40.871765,-74.347469
40.871765,-74.347469
37.330413,-121.891128
33.932507,-118.058491
41.685996,-73.896069
30.267104,-97.744615
40.991196,-73.980288
42.671821,-84.675469
33.882928,-117.85569
40.29601,-74.856815
32.980136,-117.082337
42.447611,-83.662388
43.601347,-84.206759
37.330413,-121.891128
42.023745,-93.662894
37.416667,-122.166667
33.428352,-111.932123
37.845244,-122.122691
46.280405,-119.290503
34.740543,-86.629283
47.649774,-122.398314
47.649774,-122.398314
39.390473,-77.888269
42.374067,-71.117136
30.583511,-96.294277
40.806978,-81.956817
41.595832,-73.88745
37.330413,-121.891128
37.322857,-122.052958
42.821709,-86.146908
39.983187,-75.412719
34.001758,-118.394799
37.416667,-122.166667
37.330413,-121.891128
28.06931,-82.497203
43.613913,-116.200919
33.113364,-96.696357
47.527102,-121.823613
37.400588,-121.963467
47.648322,-122.533526
37.330413,-121.891128
42.360936,-71.060239
42.58956,-83.26536
40.449365,-79.68196
37.330413,-121.891128
43.613913,-116.200919
33.648513,-117.838683
32.980136,-117.082337
37.330413,-121.891128
37.330413,-121.891128
40.442411,-79.996664
29.42543,-98.486926
33.890737,-84.28763
41.57359,-73.796075
40.851376,-73.975825
34.029301,-117.856609
34.237131,-118.481042
42.360936,-71.060239
40.787368,-74.319046
42.448372,-71.233754
38.830825,-77.362938
34.160034,-118.213223
37.416667,-122.166667
36.070576,-79.766148
40.733044,-74.403459
37.760523,-121.546105
41.64704,-87.62067
47.648322,-122.533526
40.593164,-74.619513
33.113364,-96.696357
41.677462,-72.946279
33.648513,-117.838683
40.679559,-74.567323
29.770633,-95.414819
37.574646,-122.046431
33.254994,-111.833255
37.330413,-121.891128
37.330413,-121.891128
42.274234,-83.730952
41.278295,-72.796351
37.401284,-122.008179
39.005489,-119.735877
33.923798,-118.405527
37.330413,-121.891128
42.374067,-71.117136
41.595832,-73.88745
41.415836,-72.912377
37.330413,-121.891128
40.498795,-74.425817
40.160065,-104.966226
42.360936,-71.060239
37.330413,-121.891128
42.65796,-83.18652
42.815656,-73.942324
41.087432,-81.515568
37.330413,-121.891128
37.322857,-122.052958
37.330413,-121.891128
34.001758,-118.394799
33.980311,-118.209874
37.416667,-122.166667
37.53347,-122.250368
43.613913,-116.200919
37.416667,-122.166667
35.785409,-78.779645
37.400588,-121.963467
42.699325,-73.89971
47.650703,-117.078957
42.448372,-71.233754
40.747748,-74.03386
33.752811,-117.995095
41.677462,-72.946279
28.018087,-80.682599
47.649774,-122.398314
47.649774,-122.398314
34.145227,-118.756588
45.537367,-122.655861
42.58956,-83.26536
37.401284,-122.008179
37.330413,-121.891128
42.360936,-71.060239
38.830825,-77.362938
41.410179,-73.250634
40.679559,-74.567323
40.443842,-86.911409
37.29502,-121.960662
37.416667,-122.166667
42.133221,-87.934315
42.413287,-72.530513
38.645844,-90.331287
40.449365,-79.68196
